label	frame	needle	count	rows
pipy	0	hello	1	16
pipy	0	Hello	0	
pipy	0	Working...	1	19
pipy	0	~/projects/pipy	1	24
pipy	0	────────────────	2	21,23
pi	0	hello	1	16
pi	0	Hello	0	
pi	0	Working...	0	
pi	0	~/projects/pipy	1	18
pi	0	────────────────	2	15,17
pipy	1	hello	1	16
pipy	1	Hello	0	
pipy	1	Working...	1	19
pipy	1	~/projects/pipy	1	24
pipy	1	────────────────	2	21,23
pi	1	hello	1	16
pi	1	Hello	0	
pi	1	Working...	1	19
pi	1	~/projects/pipy	1	24
pi	1	────────────────	2	21,23
pipy	2	hello	1	16
pipy	2	Hello	0	
pipy	2	Working...	1	19
pipy	2	~/projects/pipy	1	24
pipy	2	────────────────	2	21,23
pi	2	hello	1	16
pi	2	Hello	0	
pi	2	Working...	1	19
pi	2	~/projects/pipy	1	24
pi	2	────────────────	2	21,23
pipy	3	hello	1	16
pipy	3	Hello	0	
pipy	3	Working...	1	19
pipy	3	~/projects/pipy	1	24
pipy	3	────────────────	2	21,23
pi	3	hello	1	16
pi	3	Hello	0	
pi	3	Working...	1	19
pi	3	~/projects/pipy	1	24
pi	3	────────────────	2	21,23
pipy	4	hello	1	16
pipy	4	Hello	0	
pipy	4	Working...	1	19
pipy	4	~/projects/pipy	1	24
pipy	4	────────────────	2	21,23
pi	4	hello	1	16
pi	4	Hello	0	
pi	4	Working...	1	19
pi	4	~/projects/pipy	1	24
pi	4	────────────────	2	21,23
pipy	5	hello	1	16
pipy	5	Hello	0	
pipy	5	Working...	1	19
pipy	5	~/projects/pipy	1	24
pipy	5	────────────────	2	21,23
pi	5	hello	1	16
pi	5	Hello	0	
pi	5	Working...	1	19
pi	5	~/projects/pipy	1	24
pi	5	────────────────	2	21,23
pipy	6	hello	1	16
pipy	6	Hello	0	
pipy	6	Working...	1	19
pipy	6	~/projects/pipy	1	24
pipy	6	────────────────	2	21,23
pi	6	hello	1	16
pi	6	Hello	0	
pi	6	Working...	1	19
pi	6	~/projects/pipy	1	24
pi	6	────────────────	2	21,23
pipy	7	hello	1	16
pipy	7	Hello	0	
pipy	7	Working...	1	19
pipy	7	~/projects/pipy	1	24
pipy	7	────────────────	2	21,23
pi	7	hello	1	16
pi	7	Hello	0	
pi	7	Working...	1	19
pi	7	~/projects/pipy	1	24
pi	7	────────────────	2	21,23
pipy	8	hello	1	16
pipy	8	Hello	0	
pipy	8	Working...	1	19
pipy	8	~/projects/pipy	1	24
pipy	8	────────────────	2	21,23
pi	8	hello	1	16
pi	8	Hello	0	
pi	8	Working...	1	19
pi	8	~/projects/pipy	1	24
pi	8	────────────────	2	21,23
pipy	9	hello	1	16
pipy	9	Hello	0	
pipy	9	Working...	1	19
pipy	9	~/projects/pipy	1	24
pipy	9	────────────────	2	21,23
pi	9	hello	1	16
pi	9	Hello	1	19
pi	9	Working...	1	21
pi	9	~/projects/pipy	1	26
pi	9	────────────────	2	23,25
pipy	10	hello	1	16
pipy	10	Hello	1	19
pipy	10	Working...	1	21
pipy	10	~/projects/pipy	1	26
pipy	10	────────────────	2	23,25
pi	10	hello	1	16
pi	10	Hello	1	19
pi	10	Working...	1	21
pi	10	~/projects/pipy	1	26
pi	10	────────────────	2	23,25
pipy	11	hello	1	16
pipy	11	Hello	1	19
pipy	11	Working...	1	21
pipy	11	~/projects/pipy	1	26
pipy	11	────────────────	2	23,25
pi	11	hello	1	16
pi	11	Hello	1	19
pi	11	Working...	0	
pi	11	~/projects/pipy	1	24
pi	11	────────────────	2	21,23
pipy	12	hello	1	16
pipy	12	Hello	1	19
pipy	12	Working...	1	21
pipy	12	~/projects/pipy	1	26
pipy	12	────────────────	2	23,25
pi	12	hello	1	16
pi	12	Hello	1	19
pi	12	Working...	0	
pi	12	~/projects/pipy	1	24
pi	12	────────────────	2	21,23
pipy	13	hello	1	16
pipy	13	Hello	1	19
pipy	13	Working...	1	21
pipy	13	~/projects/pipy	1	26
pipy	13	────────────────	2	23,25
pi	13	hello	1	16
pi	13	Hello	1	19
pi	13	Working...	0	
pi	13	~/projects/pipy	1	24
pi	13	────────────────	2	21,23
pipy	14	hello	1	16
pipy	14	Hello	1	19
pipy	14	Working...	0	
pipy	14	~/projects/pipy	1	24
pipy	14	────────────────	2	21,23
pi	14	hello	1	16
pi	14	Hello	1	19
pi	14	Working...	0	
pi	14	~/projects/pipy	1	24
pi	14	────────────────	2	21,23
pipy	15	hello	1	16
pipy	15	Hello	1	19
pipy	15	Working...	0	
pipy	15	~/projects/pipy	1	24
pipy	15	────────────────	2	21,23
pi	15	hello	1	16
pi	15	Hello	1	19
pi	15	Working...	0	
pi	15	~/projects/pipy	1	24
pi	15	────────────────	2	21,23
pipy	16	hello	1	16
pipy	16	Hello	1	19
pipy	16	Working...	0	
pipy	16	~/projects/pipy	1	24
pipy	16	────────────────	2	21,23
pi	16	hello	1	16
pi	16	Hello	1	19
pi	16	Working...	0	
pi	16	~/projects/pipy	1	24
pi	16	────────────────	2	21,23
pipy	17	hello	1	16
pipy	17	Hello	1	19
pipy	17	Working...	0	
pipy	17	~/projects/pipy	1	24
pipy	17	────────────────	2	21,23
pi	17	hello	1	16
pi	17	Hello	1	19
pi	17	Working...	0	
pi	17	~/projects/pipy	1	24
pi	17	────────────────	2	21,23
pipy	18	hello	1	16
pipy	18	Hello	1	19
pipy	18	Working...	0	
pipy	18	~/projects/pipy	1	24
pipy	18	────────────────	2	21,23
pi	18	hello	1	16
pi	18	Hello	1	19
pi	18	Working...	0	
pi	18	~/projects/pipy	1	24
pi	18	────────────────	2	21,23
pipy	19	hello	1	16
pipy	19	Hello	1	19
pipy	19	Working...	0	
pipy	19	~/projects/pipy	1	24
pipy	19	────────────────	2	21,23
pi	19	hello	1	16
pi	19	Hello	1	19
pi	19	Working...	0	
pi	19	~/projects/pipy	1	24
pi	19	────────────────	2	21,23
pipy	20	hello	1	16
pipy	20	Hello	1	19
pipy	20	Working...	0	
pipy	20	~/projects/pipy	1	24
pipy	20	────────────────	2	21,23
pi	20	hello	1	16
pi	20	Hello	1	19
pi	20	Working...	0	
pi	20	~/projects/pipy	1	24
pi	20	────────────────	2	21,23
pipy	21	hello	1	16
pipy	21	Hello	1	19
pipy	21	Working...	0	
pipy	21	~/projects/pipy	1	24
pipy	21	────────────────	2	21,23
pi	21	hello	1	16
pi	21	Hello	1	19
pi	21	Working...	0	
pi	21	~/projects/pipy	1	24
pi	21	────────────────	2	21,23
pipy	22	hello	1	16
pipy	22	Hello	1	19
pipy	22	Working...	0	
pipy	22	~/projects/pipy	1	24
pipy	22	────────────────	2	21,23
pi	22	hello	1	16
pi	22	Hello	1	19
pi	22	Working...	0	
pi	22	~/projects/pipy	1	24
pi	22	────────────────	2	21,23
pipy	23	hello	1	16
pipy	23	Hello	1	19
pipy	23	Working...	0	
pipy	23	~/projects/pipy	1	24
pipy	23	────────────────	2	21,23
pi	23	hello	1	16
pi	23	Hello	1	19
pi	23	Working...	0	
pi	23	~/projects/pipy	1	24
pi	23	────────────────	2	21,23
pipy	24	hello	1	16
pipy	24	Hello	1	19
pipy	24	Working...	0	
pipy	24	~/projects/pipy	1	24
pipy	24	────────────────	2	21,23
pi	24	hello	1	16
pi	24	Hello	1	19
pi	24	Working...	0	
pi	24	~/projects/pipy	1	24
pi	24	────────────────	2	21,23
pipy	25	hello	1	16
pipy	25	Hello	1	19
pipy	25	Working...	0	
pipy	25	~/projects/pipy	1	24
pipy	25	────────────────	2	21,23
pi	25	hello	1	16
pi	25	Hello	1	19
pi	25	Working...	0	
pi	25	~/projects/pipy	1	24
pi	25	────────────────	2	21,23
pipy	26	hello	1	16
pipy	26	Hello	1	19
pipy	26	Working...	0	
pipy	26	~/projects/pipy	1	24
pipy	26	────────────────	2	21,23
pi	26	hello	1	16
pi	26	Hello	1	19
pi	26	Working...	0	
pi	26	~/projects/pipy	1	24
pi	26	────────────────	2	21,23
pipy	27	hello	1	16
pipy	27	Hello	1	19
pipy	27	Working...	0	
pipy	27	~/projects/pipy	1	24
pipy	27	────────────────	2	21,23
pi	27	hello	1	16
pi	27	Hello	1	19
pi	27	Working...	0	
pi	27	~/projects/pipy	1	24
pi	27	────────────────	2	21,23
pipy	28	hello	1	16
pipy	28	Hello	1	19
pipy	28	Working...	0	
pipy	28	~/projects/pipy	1	24
pipy	28	────────────────	2	21,23
pi	28	hello	1	16
pi	28	Hello	1	19
pi	28	Working...	0	
pi	28	~/projects/pipy	1	24
pi	28	────────────────	2	21,23
pipy	29	hello	1	16
pipy	29	Hello	1	19
pipy	29	Working...	0	
pipy	29	~/projects/pipy	1	24
pipy	29	────────────────	2	21,23
pi	29	hello	1	16
pi	29	Hello	1	19
pi	29	Working...	0	
pi	29	~/projects/pipy	1	24
pi	29	────────────────	2	21,23
pipy	30	hello	1	16
pipy	30	Hello	1	19
pipy	30	Working...	0	
pipy	30	~/projects/pipy	1	24
pipy	30	────────────────	2	21,23
pi	30	hello	1	16
pi	30	Hello	1	19
pi	30	Working...	0	
pi	30	~/projects/pipy	1	24
pi	30	────────────────	2	21,23
pipy	31	hello	1	16
pipy	31	Hello	1	19
pipy	31	Working...	0	
pipy	31	~/projects/pipy	1	24
pipy	31	────────────────	2	21,23
pi	31	hello	1	16
pi	31	Hello	1	19
pi	31	Working...	0	
pi	31	~/projects/pipy	1	24
pi	31	────────────────	2	21,23
pipy	32	hello	1	16
pipy	32	Hello	1	19
pipy	32	Working...	0	
pipy	32	~/projects/pipy	1	24
pipy	32	────────────────	2	21,23
pi	32	hello	1	16
pi	32	Hello	1	19
pi	32	Working...	0	
pi	32	~/projects/pipy	1	24
pi	32	────────────────	2	21,23
pipy	33	hello	1	16
pipy	33	Hello	1	19
pipy	33	Working...	0	
pipy	33	~/projects/pipy	1	24
pipy	33	────────────────	2	21,23
pi	33	hello	1	16
pi	33	Hello	1	19
pi	33	Working...	0	
pi	33	~/projects/pipy	1	24
pi	33	────────────────	2	21,23
pipy	34	hello	1	16
pipy	34	Hello	1	19
pipy	34	Working...	0	
pipy	34	~/projects/pipy	1	24
pipy	34	────────────────	2	21,23
pi	34	hello	1	16
pi	34	Hello	1	19
pi	34	Working...	0	
pi	34	~/projects/pipy	1	24
pi	34	────────────────	2	21,23
pipy	35	hello	1	16
pipy	35	Hello	1	19
pipy	35	Working...	0	
pipy	35	~/projects/pipy	1	24
pipy	35	────────────────	2	21,23
pi	35	hello	1	16
pi	35	Hello	1	19
pi	35	Working...	0	
pi	35	~/projects/pipy	1	24
pi	35	────────────────	2	21,23
pipy	36	hello	1	16
pipy	36	Hello	1	19
pipy	36	Working...	0	
pipy	36	~/projects/pipy	1	24
pipy	36	────────────────	2	21,23
pi	36	hello	1	16
pi	36	Hello	1	19
pi	36	Working...	0	
pi	36	~/projects/pipy	1	24
pi	36	────────────────	2	21,23
pipy	37	hello	1	16
pipy	37	Hello	1	19
pipy	37	Working...	0	
pipy	37	~/projects/pipy	1	24
pipy	37	────────────────	2	21,23
pi	37	hello	1	16
pi	37	Hello	1	19
pi	37	Working...	0	
pi	37	~/projects/pipy	1	24
pi	37	────────────────	2	21,23
pipy	38	hello	1	16
pipy	38	Hello	1	19
pipy	38	Working...	0	
pipy	38	~/projects/pipy	1	24
pipy	38	────────────────	2	21,23
pi	38	hello	1	16
pi	38	Hello	1	19
pi	38	Working...	0	
pi	38	~/projects/pipy	1	24
pi	38	────────────────	2	21,23
pipy	39	hello	1	16
pipy	39	Hello	1	19
pipy	39	Working...	0	
pipy	39	~/projects/pipy	1	24
pipy	39	────────────────	2	21,23
pi	39	hello	1	16
pi	39	Hello	1	19
pi	39	Working...	0	
pi	39	~/projects/pipy	1	24
pi	39	────────────────	2	21,23
