frame	kind	name	reference_label	reference_row	target_label	target_row	delta
0	needle	Hello	pipy		pi		
0	needle	Working...	pipy	19	pi		
0	needle	hello	pipy	16	pi	16	0
0	needle	~/projects/pipy	pipy	24	pi	18	-6
0	needle	────────────────	pipy	21	pi	15	-6
0	cursor	cursor_y	pipy	22	pi	22	0
1	needle	Hello	pipy		pi		
1	needle	Working...	pipy	19	pi	19	0
1	needle	hello	pipy	16	pi	16	0
1	needle	~/projects/pipy	pipy	24	pi	24	0
1	needle	────────────────	pipy	21	pi	21	0
1	cursor	cursor_y	pipy	22	pi	22	0
2	needle	Hello	pipy		pi		
2	needle	Working...	pipy	19	pi	19	0
2	needle	hello	pipy	16	pi	16	0
2	needle	~/projects/pipy	pipy	24	pi	24	0
2	needle	────────────────	pipy	21	pi	21	0
2	cursor	cursor_y	pipy	22	pi	22	0
3	needle	Hello	pipy		pi		
3	needle	Working...	pipy	19	pi	19	0
3	needle	hello	pipy	16	pi	16	0
3	needle	~/projects/pipy	pipy	24	pi	24	0
3	needle	────────────────	pipy	21	pi	21	0
3	cursor	cursor_y	pipy	22	pi	22	0
4	needle	Hello	pipy		pi		
4	needle	Working...	pipy	19	pi	19	0
4	needle	hello	pipy	16	pi	16	0
4	needle	~/projects/pipy	pipy	24	pi	24	0
4	needle	────────────────	pipy	21	pi	21	0
4	cursor	cursor_y	pipy	22	pi	22	0
5	needle	Hello	pipy		pi		
5	needle	Working...	pipy	19	pi	19	0
5	needle	hello	pipy	16	pi	16	0
5	needle	~/projects/pipy	pipy	24	pi	24	0
5	needle	────────────────	pipy	21	pi	21	0
5	cursor	cursor_y	pipy	22	pi	22	0
6	needle	Hello	pipy		pi		
6	needle	Working...	pipy	19	pi	19	0
6	needle	hello	pipy	16	pi	16	0
6	needle	~/projects/pipy	pipy	24	pi	24	0
6	needle	────────────────	pipy	21	pi	21	0
6	cursor	cursor_y	pipy	22	pi	22	0
7	needle	Hello	pipy		pi		
7	needle	Working...	pipy	19	pi	19	0
7	needle	hello	pipy	16	pi	16	0
7	needle	~/projects/pipy	pipy	24	pi	24	0
7	needle	────────────────	pipy	21	pi	21	0
7	cursor	cursor_y	pipy	22	pi	22	0
8	needle	Hello	pipy		pi		
8	needle	Working...	pipy	19	pi	19	0
8	needle	hello	pipy	16	pi	16	0
8	needle	~/projects/pipy	pipy	24	pi	24	0
8	needle	────────────────	pipy	21	pi	21	0
8	cursor	cursor_y	pipy	22	pi	22	0
9	needle	Hello	pipy		pi	19	
9	needle	Working...	pipy	19	pi	21	2
9	needle	hello	pipy	16	pi	16	0
9	needle	~/projects/pipy	pipy	24	pi	26	2
9	needle	────────────────	pipy	21	pi	23	2
9	cursor	cursor_y	pipy	22	pi	24	2
10	needle	Hello	pipy	19	pi	19	0
10	needle	Working...	pipy	21	pi	21	0
10	needle	hello	pipy	16	pi	16	0
10	needle	~/projects/pipy	pipy	26	pi	26	0
10	needle	────────────────	pipy	23	pi	23	0
10	cursor	cursor_y	pipy	24	pi	24	0
11	needle	Hello	pipy	19	pi	19	0
11	needle	Working...	pipy	21	pi		
11	needle	hello	pipy	16	pi	16	0
11	needle	~/projects/pipy	pipy	26	pi	24	-2
11	needle	────────────────	pipy	23	pi	21	-2
11	cursor	cursor_y	pipy	24	pi	22	-2
12	needle	Hello	pipy	19	pi	19	0
12	needle	Working...	pipy	21	pi		
12	needle	hello	pipy	16	pi	16	0
12	needle	~/projects/pipy	pipy	26	pi	24	-2
12	needle	────────────────	pipy	23	pi	21	-2
12	cursor	cursor_y	pipy	24	pi	22	-2
13	needle	Hello	pipy	19	pi	19	0
13	needle	Working...	pipy	21	pi		
13	needle	hello	pipy	16	pi	16	0
13	needle	~/projects/pipy	pipy	26	pi	24	-2
13	needle	────────────────	pipy	23	pi	21	-2
13	cursor	cursor_y	pipy	24	pi	22	-2
14	needle	Hello	pipy	19	pi	19	0
14	needle	Working...	pipy		pi		
14	needle	hello	pipy	16	pi	16	0
14	needle	~/projects/pipy	pipy	24	pi	24	0
14	needle	────────────────	pipy	21	pi	21	0
14	cursor	cursor_y	pipy	22	pi	22	0
15	needle	Hello	pipy	19	pi	19	0
15	needle	Working...	pipy		pi		
15	needle	hello	pipy	16	pi	16	0
15	needle	~/projects/pipy	pipy	24	pi	24	0
15	needle	────────────────	pipy	21	pi	21	0
15	cursor	cursor_y	pipy	22	pi	22	0
16	needle	Hello	pipy	19	pi	19	0
16	needle	Working...	pipy		pi		
16	needle	hello	pipy	16	pi	16	0
16	needle	~/projects/pipy	pipy	24	pi	24	0
16	needle	────────────────	pipy	21	pi	21	0
16	cursor	cursor_y	pipy	22	pi	22	0
17	needle	Hello	pipy	19	pi	19	0
17	needle	Working...	pipy		pi		
17	needle	hello	pipy	16	pi	16	0
17	needle	~/projects/pipy	pipy	24	pi	24	0
17	needle	────────────────	pipy	21	pi	21	0
17	cursor	cursor_y	pipy	22	pi	22	0
18	needle	Hello	pipy	19	pi	19	0
18	needle	Working...	pipy		pi		
18	needle	hello	pipy	16	pi	16	0
18	needle	~/projects/pipy	pipy	24	pi	24	0
18	needle	────────────────	pipy	21	pi	21	0
18	cursor	cursor_y	pipy	22	pi	22	0
19	needle	Hello	pipy	19	pi	19	0
19	needle	Working...	pipy		pi		
19	needle	hello	pipy	16	pi	16	0
19	needle	~/projects/pipy	pipy	24	pi	24	0
19	needle	────────────────	pipy	21	pi	21	0
19	cursor	cursor_y	pipy	22	pi	22	0
20	needle	Hello	pipy	19	pi	19	0
20	needle	Working...	pipy		pi		
20	needle	hello	pipy	16	pi	16	0
20	needle	~/projects/pipy	pipy	24	pi	24	0
20	needle	────────────────	pipy	21	pi	21	0
20	cursor	cursor_y	pipy	22	pi	22	0
21	needle	Hello	pipy	19	pi	19	0
21	needle	Working...	pipy		pi		
21	needle	hello	pipy	16	pi	16	0
21	needle	~/projects/pipy	pipy	24	pi	24	0
21	needle	────────────────	pipy	21	pi	21	0
21	cursor	cursor_y	pipy	22	pi	22	0
22	needle	Hello	pipy	19	pi	19	0
22	needle	Working...	pipy		pi		
22	needle	hello	pipy	16	pi	16	0
22	needle	~/projects/pipy	pipy	24	pi	24	0
22	needle	────────────────	pipy	21	pi	21	0
22	cursor	cursor_y	pipy	22	pi	22	0
23	needle	Hello	pipy	19	pi	19	0
23	needle	Working...	pipy		pi		
23	needle	hello	pipy	16	pi	16	0
23	needle	~/projects/pipy	pipy	24	pi	24	0
23	needle	────────────────	pipy	21	pi	21	0
23	cursor	cursor_y	pipy	22	pi	22	0
24	needle	Hello	pipy	19	pi	19	0
24	needle	Working...	pipy		pi		
24	needle	hello	pipy	16	pi	16	0
24	needle	~/projects/pipy	pipy	24	pi	24	0
24	needle	────────────────	pipy	21	pi	21	0
24	cursor	cursor_y	pipy	22	pi	22	0
25	needle	Hello	pipy	19	pi	19	0
25	needle	Working...	pipy		pi		
25	needle	hello	pipy	16	pi	16	0
25	needle	~/projects/pipy	pipy	24	pi	24	0
25	needle	────────────────	pipy	21	pi	21	0
25	cursor	cursor_y	pipy	22	pi	22	0
26	needle	Hello	pipy	19	pi	19	0
26	needle	Working...	pipy		pi		
26	needle	hello	pipy	16	pi	16	0
26	needle	~/projects/pipy	pipy	24	pi	24	0
26	needle	────────────────	pipy	21	pi	21	0
26	cursor	cursor_y	pipy	22	pi	22	0
27	needle	Hello	pipy	19	pi	19	0
27	needle	Working...	pipy		pi		
27	needle	hello	pipy	16	pi	16	0
27	needle	~/projects/pipy	pipy	24	pi	24	0
27	needle	────────────────	pipy	21	pi	21	0
27	cursor	cursor_y	pipy	22	pi	22	0
28	needle	Hello	pipy	19	pi	19	0
28	needle	Working...	pipy		pi		
28	needle	hello	pipy	16	pi	16	0
28	needle	~/projects/pipy	pipy	24	pi	24	0
28	needle	────────────────	pipy	21	pi	21	0
28	cursor	cursor_y	pipy	22	pi	22	0
29	needle	Hello	pipy	19	pi	19	0
29	needle	Working...	pipy		pi		
29	needle	hello	pipy	16	pi	16	0
29	needle	~/projects/pipy	pipy	24	pi	24	0
29	needle	────────────────	pipy	21	pi	21	0
29	cursor	cursor_y	pipy	22	pi	22	0
30	needle	Hello	pipy	19	pi	19	0
30	needle	Working...	pipy		pi		
30	needle	hello	pipy	16	pi	16	0
30	needle	~/projects/pipy	pipy	24	pi	24	0
30	needle	────────────────	pipy	21	pi	21	0
30	cursor	cursor_y	pipy	22	pi	22	0
31	needle	Hello	pipy	19	pi	19	0
31	needle	Working...	pipy		pi		
31	needle	hello	pipy	16	pi	16	0
31	needle	~/projects/pipy	pipy	24	pi	24	0
31	needle	────────────────	pipy	21	pi	21	0
31	cursor	cursor_y	pipy	22	pi	22	0
32	needle	Hello	pipy	19	pi	19	0
32	needle	Working...	pipy		pi		
32	needle	hello	pipy	16	pi	16	0
32	needle	~/projects/pipy	pipy	24	pi	24	0
32	needle	────────────────	pipy	21	pi	21	0
32	cursor	cursor_y	pipy	22	pi	22	0
33	needle	Hello	pipy	19	pi	19	0
33	needle	Working...	pipy		pi		
33	needle	hello	pipy	16	pi	16	0
33	needle	~/projects/pipy	pipy	24	pi	24	0
33	needle	────────────────	pipy	21	pi	21	0
33	cursor	cursor_y	pipy	22	pi	22	0
34	needle	Hello	pipy	19	pi	19	0
34	needle	Working...	pipy		pi		
34	needle	hello	pipy	16	pi	16	0
34	needle	~/projects/pipy	pipy	24	pi	24	0
34	needle	────────────────	pipy	21	pi	21	0
34	cursor	cursor_y	pipy	22	pi	22	0
35	needle	Hello	pipy	19	pi	19	0
35	needle	Working...	pipy		pi		
35	needle	hello	pipy	16	pi	16	0
35	needle	~/projects/pipy	pipy	24	pi	24	0
35	needle	────────────────	pipy	21	pi	21	0
35	cursor	cursor_y	pipy	22	pi	22	0
36	needle	Hello	pipy	19	pi	19	0
36	needle	Working...	pipy		pi		
36	needle	hello	pipy	16	pi	16	0
36	needle	~/projects/pipy	pipy	24	pi	24	0
36	needle	────────────────	pipy	21	pi	21	0
36	cursor	cursor_y	pipy	22	pi	22	0
37	needle	Hello	pipy	19	pi	19	0
37	needle	Working...	pipy		pi		
37	needle	hello	pipy	16	pi	16	0
37	needle	~/projects/pipy	pipy	24	pi	24	0
37	needle	────────────────	pipy	21	pi	21	0
37	cursor	cursor_y	pipy	22	pi	22	0
38	needle	Hello	pipy	19	pi	19	0
38	needle	Working...	pipy		pi		
38	needle	hello	pipy	16	pi	16	0
38	needle	~/projects/pipy	pipy	24	pi	24	0
38	needle	────────────────	pipy	21	pi	21	0
38	cursor	cursor_y	pipy	22	pi	22	0
39	needle	Hello	pipy	19	pi	19	0
39	needle	Working...	pipy		pi		
39	needle	hello	pipy	16	pi	16	0
39	needle	~/projects/pipy	pipy	24	pi	24	0
39	needle	────────────────	pipy	21	pi	21	0
39	cursor	cursor_y	pipy	22	pi	22	0
